stage,count,conversion_from_previous
Total population,50000,1.0
Screened,20657,-0.5868599999999999
Diagnosed,1542,-0.9253521808587888
Treatment Started,1068,-0.30739299610894943
Follow-up Completed,788,-0.26217228464419473
