feature,logreg_coef,gb_importance
area_deprivation_index,-0.33462773901377146,0.5047961129909042
age,0.03046424043208027,0.19069096856273343
time_to_diagnosis,0.06294305559821693,0.16597073860775144
comorbidity_score,0.1834590239434991,0.12119632349745095
sex_M,0.1143830476342744,0.017345856341160124
